{"cameraMode":{"drawMode":0,"name":"Shaded","section":"Shading Mode"},"sceneLighting":false,"audioPlay":false,"sceneViewState":{"showFog":true,"showMaterialUpdate":false,"showSkybox":false,"showFlares":true,"showImageEffects":true,"showParticleSystems":true},"in2DMode":false,"pivot":{"x":-3.4329426288604738,"y":1.9934730529785157,"z":1.0402864217758179},"rotation":{"x":-0.04094981774687767,"y":0.655478298664093,"z":-0.0356336273252964,"w":-0.7532621026039124},"size":3.600029230117798,"orthographic":false}